<?xml version="1.0" encoding="utf-8"?>
<database>
	<version>0.2.0</version>
    <name>Secure Admin URL</name>
	<uri>http://www.apprain.com</uri>
	<description>
		<![CDATA[
			This extenions helps to hide admin panel url form external users. 
		]]>
	</description>
	<author>Reazaul Karim</author>
	<author_uri>http://reazulk.wordpress.com</author_uri>
	<namespace>auto</namespace>
	<help>
		<![CDATA[
			Set the URL Part without spece and special character. <br />
			Set status to "Active".<br /><br />
			For example sub part is "myadmin"<br />
			
			Now logout and close the borser and open the browser again. Now browse like below to access Amin Panel <br /><br />
			
			<em>www.example.com/myadmin</em>
			
		]]>
	</help>
	<checkfiles>
		<filepath>register.php</filepath>
	</checkfiles>
</database>